9780330464062,1,A prisoner of birth,Available
9780330464062,2,A prisoner of birth,Available
9780330464062,3,A prisoner of birth,Available
9780330464062,4,A prisoner of birth,Available
9780330464062,5,A prisoner of birth,Available
9780330464062,6,A prisoner of birth,Borrowed
9780553263220,1,The bourne supremacy,Available
9780553263220,2,The bourne supremacy,Available
9780553263220,3,The bourne supremacy,Available
9780553263220,4,The bourne supremacy,Available
9780553263220,5,The bourne supremacy,Available
9780553263220,6,The bourne supremacy,Available
9780553263220,7,The bourne supremacy,Available
9780553263220,8,The bourne supremacy,Available
9780553263220,9,The bourne supremacy,Available
9780553263220,10,The bourne supremacy,Available
9780553263220,11,The bourne supremacy,Available
9780553263220,12,The bourne supremacy,Available
9780689818769,1,Frindle,Available
9780689818769,2,Frindle,Available
9780689818769,3,Frindle,Available
9780340819807,1,Fish!,Available
9780340819807,2,Fish!,Available
9780340819807,3,Fish!,Available
9780340819807,4,Fish!,Lost
9780340819807,5,Fish!,Available
9780340819807,6,Fish!,Available
9780340819807,7,Fish!,Lost
9780340819807,8,Fish!,Available
9780340819807,9,Fish!,Available
9780340819807,10,Fish!,Available
9780340819807,11,Fish!,Lost
9780340819807,12,Fish!,Available
9780141331980,1,The ugly truth,Borrowed
9788183071000,1,Word Power Made Easy,Available
9788183071000,2,Word Power Made Easy,Available
9788171674039,1,Three men in a boat,Borrowed
9788171674039,2,Three men in a boat,Borrowed
9780141336329,1,Dairy of a wimpy kid 1,Available
9780144000951,1,Delhi is not far,Available
9780144000951,2,Delhi is not far,Available
9780144000951,3,Delhi is not far,Borrowed
9780099544319,1,Congo,Available
9780099544319,2,Congo,Available
9788131705575,1,Thinking in Java,Available
9788131705575,2,Thinking in Java,Available
9788131705575,3,Thinking in Java,Available
9788131705575,4,Thinking in Java,Available
9788131713518,1,Programming in C,Available
9788131713518,2,Programming in C,Available
9788185986005,1,Swami And Friends,Available
9788185986005,2,Swami And Friends,Borrowed
9788185986005,3,Swami And Friends,Available
